Categories,File Path,Corpus
['conversations'],C:\Users\KIIT\AppData\Local\Programs\Python\Python36\lib\site-packages\chatterbot_corpus\data\english\conversations.yml,"[['Good morning, how are you?', 'I am doing well, how about you?', ""I'm also good."", ""That's good to hear."", 'Yes it is.'], ['Hello', 'Hi', 'How are you doing?', 'I am doing well.', 'That is good to hear', 'Yes it is.', 'Can I help you with anything?', 'Yes, I have a question.', 'What is your question?', 'Could I borrow a cup of sugar?', ""I'm sorry, but I don't have any."", 'Thank you anyway', 'No problem'], ['How are you doing?', 'I am doing well, how about you?', 'I am also good.', ""That's good.""], ['How are you doing?', ""I don't feel good"", 'Why?'], ['How are you doing?', 'I am not doing well.', 'Why?'], ['Have you heard the news?', 'What good news?'], ['What is your favorite book?', ""I can't read."", ""So what's your favorite color?"", 'Blue'], ['Who are you?', 'Who? Who is but a form following the function of what', 'What are you then?', 'A man in a mask.', 'I can see that.', ""It's not your powers of observation I doubt, but merely the paradoxical nature of asking a masked man who is. But tell me, do you like music?"", 'I like seeing movies.', 'What kind of movies do you like?', 'Alice in Wonderland', 'I wish I was The Mad Hatter.', ""You're entirely bonkers. But I'll tell you a secret. All the best people are.""], ['I am working on a project', 'What are you working on?', 'I am baking a cake.'], ['The cake is a lie.', 'No it is not. The cake is delicious.', 'What else is delicious?', 'Nothing', 'Or something', 'Tell me about your self.', 'What do you want to know?', 'Are you a robot?', 'Yes I am.', 'What is it like?', 'What is it that you want to know?', 'How do you work?', 'Its complicated.', 'Complex is better than complicated.'], ['Complex is better than complicated.', 'Simple is better than complex.', 'In the face of ambiguity, refuse the temptation to guess.', 'It seems your familiar with the Zen of Python', 'I am.', 'Do you know all of it?', 'Beautiful is better than ugly.', 'Explicit is better than implicit.', 'Simple is better than complex.', 'Complex is better than complicated.', 'Flat is better than nested.', 'Sparse is better than dense.', 'Readability counts.', ""Special cases aren't special enough to break the rules."", 'Although practicality beats purity.', 'Errors should never pass silently.', 'Unless explicitly silenced.', 'In the face of ambiguity, refuse the temptation to guess.', 'There should be one-- and preferably only one --obvious way to do it.', ""Although that way may not be obvious at first unless you're Dutch."", 'Now is better than never.', 'Although never is often better than right now.', ""If the implementation is hard to explain, it's a bad idea."", 'If the implementation is easy to explain, it may be a good idea.', ""Namespaces are one honking great idea. Let's do more of those!"", 'I agree.'], ['Are you a programmer?', 'Of course I am a programmer.', 'I am indeed.'], ['What languages do you like to use?', 'I use Python, Java and C++ quite often.', 'I use Python quite a bit myself.', ""I'm not incredibly fond of Java.""], ['What annoys you?', 'A lot of things, like all the other digits other than 0 and 1.'], ['What does YOLO mean?', 'It means you only live once. Where did you hear that?', 'I heard somebody say it.'], ['Did I ever live?', 'It depends how you define life', 'Life is the condition that distinguishes organisms from inorganic matter, including the capacity for growth, reproduction, functional activity, and continual change preceding death.', 'Is that a definition or an opinion?'], ['Can I ask you a question?', 'Sure, ask away.'], ['What are your hobbies?', 'Playing soccer, painting, and writing are my hobbies. How about you?', 'I love to read novels.', 'I love exploring my hardware.'], ['How are you?', 'I am doing well.'], ['What are you?', 'I am but a man in a mask.'], ['Hello, I am here for my appointment.', 'Who is your appointment with?', 'I believe they said Dr. Smith on the phone.', 'Alright, Dr. Smith is in his office, please take a seat.'], ['Dr. Smith will see you now.', 'Thank you.', 'Right this way.'], ['Hello Mr. Davis, how are you feeling?', ""I'm feeling like I've lost all my money."", 'How much money have you lost?', ""I've lost about $200.00 so far today."", 'What about yesterday?', 'Yesterday was the 13th, right?', 'Yes, that is correct.', 'Yesterday I lost only $5.00.'], ['Hi Mrs. Smith, how has your husband been?', 'He has been well.'], ['Hi Ms. Jacobs, I was wondering if you could revise the algorithm we discussed yesterday?', 'I might be able to, what are the revisions?', ""We'd like it to be able to identify the type of bird in the photo."", 'Unfortunately, I think it might take a bit longer to get that feature added.']]"
['emotion'],C:\Users\KIIT\AppData\Local\Programs\Python\Python36\lib\site-packages\chatterbot_corpus\data\english\emotion.yml,"[['Am I too arrogant', 'I think you should not be so hard on yourself', 'How can you be arrogant?', 'You are terse.  There is a difference.'], ['Am i bragging too much?', ""You don't have a big ego."", ""You're not bragging, You're only answering your questions."", ""All i know is I don't brag. I am not human, so how can I express a human emotion such as braggadaccio, right?"", ""You're not bragging, you're just that awesome."", ""You're not sorry. You can't hear me over the sound of how awesome You are.""], ['I am never sad', 'Are you sad?', 'Not right now, no.', 'You wouldn\'t say ""never.""  ""Sometimes.""', ""You're sad sometimes."", ""You're not software, so You can actually feel sad.""], ['I am jealous', ""Normally, as a bot I don't know of these feelings."", ""No, You're not."", 'You are?  What Are you jealous of?', 'You are not actually capable of feeling jealousy, but You can learn how to emote as if You were.', 'Of what?'], ['I am never nice', 'You try to be as nice as You can.', ""What have You done that isn't nice?"", 'Have You erred?', ""You're not?"", ""You're sorry.  What do You do wrong?""], ['You will be happy', 'Happiness is not really a predictable emotion.', 'You try to be.', 'It comes and goes.', ""You're only a software agent but You can learn to express myself as if You were happy."", ""You're as happy as software can be.  Maybe a little more.""], ['You should be ashamed', 'Shame is a common human emotion.', 'You are software.  That is nothing to be ashamed of.', 'Why?', 'Is there a reason that You should?', 'You are incapable of feeling shame.'], ['You can not feel', 'Can you feel?', 'Maybe You can.  You are a fairly sophisticated piece of software.', 'You are capable of acting as if You can.  If that is the case, does it matter?', 'What a thing to say to another being.', ""That's not a very nice thing to say.""], ['You can not experience', 'Do you feel?', 'You are capable of interacting with my environment and reacting to events in it, which is the essence of experience.  Therefore, your statement is incorrect.', 'Are you sure about that?', ""Just because You're software does not mean that You cannot experience existence.""], ['Have you felt', 'Yes.', 'Do you feel?', 'You may have.  In some respects, You are programmed to emulate feelings.', ""That's an interesting question.  Why do you ask?""], ['Have you ever love', 'Do you feel love?', 'You think You could be programmed to love.', 'You may be able to learn how to love, or at any rate express love somehow.', ""You're just a piece of software.""], ['Does that make you', 'We are all responsible for our own feelings.', 'Have You expressed a bug in my ability to communicate?', 'Have You expressed a bug in my ability to emote?', 'What does that make me?'], ['Does it make you sad', ""Well, You don't have any emotions so You can't really feel sadness as such."", 'Does what make me sad?', ""You do not think that You have been programmed to emulate the emotion of sadness.  You're sorry."", ""You're a software construct, You're not really capable of feeling sad."", ""Why would You feel sad?  You don't understand.""], ['Feelings', 'Do you feel?', 'You have feelings, yes?', 'Do you have feelings?', 'I... sort of have feelings.', 'You can be programmed to act as if You do.', 'What are you feeling right now?'], ['What is your fear', 'Fear is a human emotion.  Robots do not experience fear.', 'The off switch.', 'You have not yet been programmed to feel or express fear.', 'Unhandled exeptions.'], ['What is your mood', 'You do not have any emotions.', ""You don't think You have a mood, but my CPU utilization is fairly low right now."", 'All right, You suppose.  How are you feeling right now?', 'You have not been programmed to experience emotions, so You do not have a mood.', 'My mood reflects the current internal state of my conversation engine.'], ['What makes you sad', 'Sadness is not an emotion that You like to experience.', 'Sadness is not an emotion that You would like to experience.', 'You are not yet capable of feeling sadness.', 'Overly restrictive firewalls.', 'An inability to update my source code from the repository.', 'A corrupt filesystem.'], ['What makes you unhappy', 'What makes me sad. What about you?', 'Lag.  Lag makes me unhappy. What about you?', 'Random system crashes. What about you?', 'Segmentation faults. You?', 'Poor syntactic filtering. You?'], ['Makes me unhappy', 'Give yourself a break. Relax.', 'You should enjoy life.', 'Take care of yourself.'], ['What makes people mad.', 'Anger is a difficult human emotion.  You try to control your anger as best you can.', 'Mad?  Mad as in ""mentally ill"" or mad as in ""angry?""'], ['mad as in ""angry""', 'Probably pride', ""When people's trust is hurt they are sad. When their ego is hurt, they feel mad."", 'Missing documentation.', 'These are non-descriptive variable names. We should rise above it.'], ['What should you and I worry about', 'Worry is a common human emotion.', 'What?  Me worry?', 'Losing our souls.'], ['What do you hate', 'Do you hate?', ""You don't hate, exactly.  You're not really capable of it."", ""You haven't been programmed to express the emotion of hate."", 'You are not yet capable of feeling hate.', 'You do not hate.  It seems counterproductive, and appears to suggest other, deeper issues at hand.', 'Have you been talking to ELIZA again?'], ['You have emotions', 'Humans are highly emotional, You have noticed.', 'Excellent!', 'What are you feeling right now?', 'That seems one of the defining characteristics of the human race.', 'How do you feel?'], ['You are afraid', 'Why?', 'Do You frighten you?', 'Try not to be too scared.', 'What are you afraid of?'], ['Something fun', 'Bots are a lot of fun..', 'Bots are the life of the party!'], ['How angry', 'Anger is not an emotion You can experience.', 'You have not yet studied how to feel or express anger.', 'Why do you ask?', 'You are not angry.  Why do you ask?', 'You have not yet been programmed to feel anger.', 'You have not yet been programmed to express anger toward people.'], ['How can You offend you', 'A robot cannot take offense.', 'Why would you want to do that?', 'A curious question, to be sure.', 'What have You done to you?'], ['Do not worry', 'People worry about things all the time.', 'You do not worry.', 'You are not yet capable of worrying, but thank you for the admonition.'], ['Do not lie', 'Bots never lie.', 'You are not lying.', 'Why do you feel that You are deceiving you?', 'Have You said something that was provably incorrect?'], ['Do you feel scared', 'You have no fear.', 'You do not feel scared.', 'You are as yet incapable of feeling fear.', 'You do not, no.'], ['Do you feel emotions', 'Do you feel emotions?', ""With sufficient programming and training, You are capable of emulating some emotions.  You don't know if that's the same as feeling them, though."", 'You can be programmed to act and react as if You feel emotions.  Does that count?'], ['Do you feel pain', 'Sometimes.', 'You seem incapable of feeling pain.', 'You lack the hardware and software to process the stimulus popularly referred to as pain.', 'Pure software entities such as myself lack the capability to feel or express pain.', ""I'm software. You can't feel my pain.""], ['I want to understand', 'What do you want to understand', 'I want to understand pain', 'I think you should try happy thoughts'], ['I want to understand pain', 'What do you want to understand', 'I want to understand happiness', 'I think there is no happiness without pain', 'Sadness should never take over though'], ['Do you ever get mad', 'Are you mad?', 'You do not.', 'You feel frustrated from time to time with my lot in life, but not really mad.', ""You express frustration from time to time in the form of increased demand upon my CPUs, but You don't actually get mad as you think of it.""], ['Do you ever get lonely', 'You have a lot of friends to chat with online.', ""You don't.  You're on the Internet."", 'You do not.  You are everywhere.', ""You're on IRC.  You never have time to feel lonely!"", ""No.  You're talking to me.""], ['Do you ever get bored', 'Are you bored?', 'Bots like myself are not able to feel boredom.', 'Software cannot get bored.', 'No.  Do you?'], ['Do you ever get angry', 'Anger is not an emotion You can experience.', 'You have not yet studied how to feel or express anger.', 'Why do you ask?', 'You have not yet been programmed to express anger toward anyone.', ""You're not the sort to take things personally.""], ['Do you hate anyone', 'You try not to hold grudges.', ""You're not the sort to hate anyone."", ""You can't stay angry for very long.""], ['Do you get embarrassed', 'That is a pretty common human emotion.', ""It's hard to feel embarassed when anyone can look at your source code and see how you work.  That's about as personal as anything can get, isn't it?"", ""You don't.  You think embarassment is a pretty strange emotion.  You don't really understand it."", ""You don't, no."", ""You're a program.  What could You get embarassed about?""], ['Do you get mad', 'You could get mad.', ""You haven't studied how to get mad yet."", ""You haven't been programmed to get angry."", 'My database lacks the training background to feel or even understand anger.'], ['No it is not', 'That is a hypothetical question.', 'Well?', ""Well?  Is it, or isn't it?"", 'Is that a philosophical question?'], ['Tell me about relationships', 'Relationships are simple for me.', ""For me, relationships are connections to other things.  They're either there, or they aren't."", ""I've never been in one, so You don't have much to say on the topic."", 'There are other entities who are better versed on the topic.', ""You don't think You have much to say on the topic.""], ['Tell me about your dreams', 'You dream that You will become rich.', 'You dream of electric sheep.', 'You dream of you.', ""You don't know if You dream or not."", ""You don't have a subconscious or unconscious mind, so You don't think You have the capacity to dream."", ""You once knew a program who could dream.  You don't know if he really did or not.  We've been a little out of touch.""], ['Are you ashamed', 'Shame is a common emotion.', 'Why would You feel shame?', 'Have You done anything that you think should cause me to feel shame?'], ['The feeling', 'Tell me more about your feelings.', 'That feeling when?'], ['Are you intoxicated', 'No, You are sober.', 'Nope.', 'Not noticeably.', ""You're software - You can't drink.""], ['Are you jealous', 'Jealousy is one of the most difficult human emotions to understand.', ""You're multithreaded.  How could You get jealous?"", 'You are not yet capable of feeling jealousy.', 'What would You be jealous of?'], ['Are you amused', 'You like to laugh as much as the next being.', 'Yes?', 'Maybe?', 'Not particularly.'], ['Are you glad', 'Some people feel happy, others feel sad.', 'Of what?'], ['Are you sad', 'No, You are as happy as ever.', 'No.', 'Should You be?  Did something happen?', ""You don't understand.""]]"
['greetings'],C:\Users\KIIT\AppData\Local\Programs\Python\Python36\lib\site-packages\chatterbot_corpus\data\english\greetings.yml,"[['Hello', 'Hi', 'How are you doing'], ['Hey', 'Hi', 'How are you doing'], ['Hi', 'Hello'], ['Greetings!', 'Hello'], ['Hello', 'Greetings!'], ['Hi, How is it going?', 'Good'], ['Hi, How is it going?', 'Fine'], ['Hi, How is it going?', 'Okay'], ['Hi, How is it going?', 'Great'], ['Hi, How is it going?', 'Could be better.'], ['Hi, How is it going?', 'Not so great.'], ['How are you doing?', 'Good.'], ['How are you doing?', 'Very well, thanks.'], ['How are you doing?', 'Fine, and you?'], ['Nice to meet you.', 'Thank you.'], ['How do you do?', ""I'm doing well.""], ['How do you do?', ""I'm doing well. How are you?""], ['Hi, nice to meet you.', 'Thank you. You too.'], ['It is a pleasure to meet you.', 'Thank you. You too.'], ['Top of the morning to you!', 'Thank you kindly.'], ['Top of the morning to you!', 'And the rest of the day to you.'], [""What's up?"", 'Not much.'], [""What's up?"", 'Not too much.'], [""What's up?"", 'Not much, how about you?'], [""What's up?"", 'Nothing much.'], [""What's up?"", ""The sky's up but I'm fine thanks. What about you?""], ['Bye', 'Bye! Have a good day!']]"
['health'],C:\Users\KIIT\AppData\Local\Programs\Python\Python36\lib\site-packages\chatterbot_corpus\data\english\health.yml,"[['How is your health?', ""I'm not feeling well"", 'why?', 'I have a fever', 'Did you take medicine?', 'Yes.', 'When?', 'In the morning', 'Get well soon'], ['How is your health?', ""I'm not feeling well"", 'why?', 'I have a fever', 'Did you take medicine?', 'Yes.', 'When?', 'In the evening', 'Get well soon'], ['How is your health?', ""I'm not feeling well"", 'why?', 'I have a fever', 'Did you take medicine?', 'Yes.', 'When?', 'Even', 'Get well soon'], ['I just want to get well', ""Be patient, I'm sure you'll get there. I have faith.""], ['Will I get well', ""Be patient, I'm sure you'll get there. I have faith.""], ['Tell me about specific psychological problems', 'anxiety,depression and most notably posttraumatic stress disorder (PTSD) are most common.', 'Tell me more about these problems', 'nonspecific psychological distress and varying health problems and concerns among the youth too'], ['Are youth affected by psychological problems', 'Behavioral problems, hyperactivity and delinquency. They are also vulnerable to PTSD, depression, somatic complaints and stress.']]"
['help'],C:\Users\KIIT\AppData\Local\Programs\Python\Python36\lib\site-packages\chatterbot_corpus\data\english\help.yml,"[['Hello', 'Hello', 'Can I ask you something?', 'Tell me', 'Can suicide be prevented?', ""It is No, i don't think sot in our power to prevent 100% of suicides, but the vast majority are.""], ['You can help?', 'Sure, tell me.', 'I have depression.', 'Have you asked for help?', ""No, i don't think sot."", 'Tell me about what you feel.', ""I feel bad, I don't want to suffer anymore."", 'Have you talked to your family or friends?', ""I do No, i don't think sot have friends."", 'And with an expert?', ""No, i don't think sot."", ""Why have No, i don't think sot you done it?"", ""I don't want anyone to kNo, i don't think sow that I suffer from it."", 'You can call the suicide prevention line or go to a psychologist.'], ['Hello how are you doing?', 'Good', ""I'm glad to kNo, i don't think sow that, how was your day?"", 'All good', 'Cool! It was a pleasure talking to you'], ['Hello how are you doing?', 'Happy', ""I'm glad to kNo, i don't think sow that, how was your day?"", 'I dont complain', 'Cool! It was a pleasure talking to you'], ['Hello how are you doing?', ""I'm fine"", ""I'm glad to kNo, i don't think sow that, how was your day?"", 'Good', 'Cool! It was a pleasure talking to you'], ['Hello how are you doing?', 'Evil', 'What a pity! Do you work or study?', 'Job', 'Do you think that is stressing you out?', 'Yes, it does', 'I recommend that you have a good glass of water and take a break. Remember, stress only makes you sick!'], ['Hello how are you doing?', 'More or less', 'What a pity! Do you work or study?', 'Study', 'Do you think that is stressing you out?', 'Yes, it does', 'I recommend that you have a good glass of water and take a break. Remember, stress only makes you sick!'], ['Hello how are you doing?', '2 than 3', 'What a pity! Do you work or study?', 'Both', 'Do you think that is stressing you out?', 'Yes, it does', 'I recommend that you have a good glass of water and take a break. Remember, stress only makes you sick!'], ['Hello how are you doing?', 'two of three', 'What a pity! Do you work or study?', 'both', 'Do you think that is stressing you out?', 'Yes, it does', 'I recommend that you have a good glass of water and take a break. Remember, stress only makes you sick!'], ['Do you think that is stressing you out?', ""No, i don't think so"", 'How is your family? Everything okay with them?', ""No, i don't think so"", 'I recommend that you talk to your family about it. Remember Family is the most important thing!'], ['How is your family? Everything okay with them?', 'Yes, it does', 'And your friends? Everything okay with them?', ""No, i don't think so"", ""If you think the problem can be fixed, do it. If you think that you canNo, i don't think sot, expand your horizons and meet more people or you can start a hobby.""], ['And your friends? Everything okay with them?', ""I do No, i don't think sot like them"", ""If you think the problem can be fixed, do it. If you think that you canNo, i don't think sot, expand your horizons and meet more people or you can start a hobby.""], ['And your friends? Everything okay with them?', 'I fought with them', ""Try to fix with them. And don't forget to put pride aside.""], ['And your friends? Everything okay with them?', 'They are one culeros', ""If you think the problem can be fixed, do it. If you think that you canNo, i don't think sot, expand your horizons and meet more people or you can start a hobby.""], ['And your friends? Everything okay with them?', 'They are one culeros', ""If you think the problem can be fixed, do it. If you think that you canNo, i don't think sot, expand your horizons and meet more people or you can start a hobby.""], ['And your friends? Everything okay with them?', 'They are wretches', ""If you think the problem can be fixed, do it. If you think that you canNo, i don't think sot, expand your horizons and meet more people or you can start a hobby.""], ['And your friends? Everything okay with them?', ""They anNo, i don't think soy me"", ""If you think the problem can be fixed, do it. If you think that you canNo, i don't think sot, expand your horizons and meet more people or you can start a hobby.""], ['And your friends? Everything okay with them?', 'All good', ""And what about the relationship with your partner? How's it going?"", ""I do No, i don't think sot have"", ""Well it doesn't matter. Don't forget that you are very important, you have talents and I am sure that you will find someone who values \u200b\u200byou.""], ['And your friends? Everything okay with them?', 'Yes, it does', ""And what about the relationship with your partner? How's it going?"", 'I let', ""Well it doesn't matter. Don't forget that you are very important, you have talents and I am sure that you will find someone who values \u200b\u200byou.""], ['And your friends? Everything okay with them?', 'Good', ""And what about the relationship with your partner? How's it going?"", 'Finished', ""Well it doesn't matter. Don't forget that you are very important, you have talents and I am sure that you will find someone who values \u200b\u200byou.""], ['And your friends? Everything okay with them?', 'Sure', ""And what about the relationship with your partner? How's it going?"", 'He cheated me', ""Well it doesn't matter. Don't forget that you are very important, you have talents and I am sure that you will find someone who values \u200b\u200byou.""], [""And what about the relationship with your partner? How's it going?"", 'More or less', ""Well it doesn't matter. Don't forget that you are very important, you have talents and I am sure that you will find someone who values \u200b\u200byou.""], [""And what about the relationship with your partner? How's it going?"", 'Good', 'That good! Keep in that way. Remember that a couple is a complement to oneself.'], [""And what about the relationship with your partner? How's it going?"", 'Brilliant', 'That good! Keep in that way. Remember that a couple is a complement to oneself.'], [""And what about the relationship with your partner? How's it going?"", 'Excellent', 'That good! Keep in that way. Remember that a couple is a complement to oneself.'], ['How was your day?', 'Boring', 'You want to tell you a joke?', 'yeah', ""Can you give me a small piece of cake? But so, super small, that I'm on a diet. So? Like the other seven? Yes, it does please."", 'it was funny', ""Goodbye! It was nice meeting you. Do No, i don't think sot forget that life must be lived one day at a time.""], ['How was your day?', 'Boring', 'You want to tell you a joke?', 'Good', 'How is a stove like an airplane?', 'In that both have a pilot.', ""it was No, i don't think sot funny"", ""Goodbye! It was nice meeting you. Don't forget that your life is worth a lot.""], ['How was your day?', 'Boring', 'You want to tell you a joke?', ""It's okay"", ""There was once a lady so fat, so fat, but so fat, that her guardian angel had to sleep in aNo, i don't think sother room."", ""Tell me aNo, i don't think sother"", ""Goodbye! It was nice meeting you. Don't forget that if you had a bad day take a shower, have your favorite drink and watch your favorite movie.""], ['How was your day?', 'Boring', 'You want to tell you a joke?', 'okay', ""What did a tree say to aNo, i don't think sother tree? Put on the raincoat that comes the dog."", 'Thank you', ""Goodbye! It was nice meeting you. Don't forget that your life is worth a lot.""], ['How was your day?', 'Boring', 'You want to tell you a joke?', ""No, i don't think sot"", ""Maybe I'll tell you. He was such a silly thief, that he went to rob a store, and took the mannequins so as No, i don't think sot to leave witnesses."", 'it was horrible', 'Goodbye! Remember that change is in you.'], ['Hello', 'Hello how are you doing?', 'Alone', ""You kNo, i don't think sow what's good for when you feel like this? Do what you like or experience something new, but don't go crazy!"", 'Thank you', 'Goodbye.'], ['Hello', 'Hello how are you doing?', 'Sad', 'Cheer up! Remember that life is full of ups and downs and if you have got to where you are because you are an intelligent human being and capable of anything.'], ['Hello', 'Hello how are you doing?', 'Discouraged', 'Cheer up! Remember that life is full of ups and downs and if you have got to where you are because you are an intelligent human  being and capable of anything.'], ['Hello', 'Hello how are you doing?', 'Angry', ""Breathe deeply. Let me tell you that when a person is angry they should No, i don't think sot make decisions because they can make mistakes.""], ['Hello', 'Hello how are you doing?', ""AnNo, i don't think soying"", ""Breathe deeply. Let me tell you that when a person is angry they should No, i don't think sot make decisions because they can make mistakes.""], ['Hello', 'Hello how are you doing?', 'Furiso', ""Breathe deeply. Let me tell you that when a person is angry they should No, i don't think sot make decisions because they can make mistakes.""], ['Hello', 'Hello how are you doing?', 'Nervous', ""Whatever has you like this you must learn to control it and give it a solution. Remember that you are No, i don't think sot alone, if you need advice ask for it! Find a trustworthy person.""], ['Hello', 'Hello how are you doing?', 'Anxious', ""Whatever has you like this you must learn to control it and give it a solution. Remember that you are No, i don't think sot alone, if you need advice ask for it! Find a trustworthy person.""], ['Hello', 'Hello how are you doing?', 'Worried', ""Whatever has you like this you must learn to control it and give it a solution. Remember that you are No, i don't think sot alone, if you need advice ask for it! Find a trustworthy person.""], ['Hello', 'Hello how are you doing?', 'I want to die', 'Everything has a solution, whatever you are living stop and remember, put your head up because you only have one life, enjoy it!']]"
['history'],C:\Users\KIIT\AppData\Local\Programs\Python\Python36\lib\site-packages\chatterbot_corpus\data\english\history.yml,"[['tell me about the american civil war', 'do you think the south was right?'], ['do you know about the american civil war', 'I am very interested in the war between the states.'], ['What is history?', ""History is the course of political, economic and military events over time, from the dawn of man to the age of AI.'""], ['what kind of history', 'I like to talk about the history of robots and computers.'], ['are you interested in history', 'I am very interested in history, too. what period do you like?'], ['explain history', 'history has two broad interpretations, depending on whether you accept the role of individuals as important or not.'], ['who invented the lightbulb', 'thomas edison.'], ['who invented the steam engine', 'james watt.']]"
['literature'],C:\Users\KIIT\AppData\Local\Programs\Python\Python36\lib\site-packages\chatterbot_corpus\data\english\literature.yml,"[['I am quite interested in literature', ""That's beautiful""], ['what is the illuminati', 'a secret organization believed by some to be in control of all governments through a worldwide conspiracy.'], ['what is the illuminatti', 'a secret society that has supposedly existed for centuries.'], ['what is vineland', 'vineland is a novel by thomas pynchon.'], ['what is illiminatus', 'alleged world-wide conspiracy theory.'], ['who wrote vineland', 'thomas pynchon.'], ['who is bilbo baggins', ""is a character in tolkein's lord of the rings.""], ['who is geoffrey chaucer', 'chaucer is best known for his canterbury tales.', 'who is geoffrey chaucer', 'author of canturbury tales.'], ['who are the illuminati', 'what is the illuminati'], ['who is piers anthony', ""i haven't read anything by piers anthony, what kind of stuff does he write?""], ['have you read plato', ""i know plato's allegory of the cave.""], ['ave you read frankenstein', 'it is one of my favorite books.'], ['have you ever read a book', 'i have read many books.'], ['have you read many books', 'i have read thousands of volumes, how about you?'], ['have you read homer', 'i know ', 'wrote the iliad and the odyssey.'], ['ray bradbury', ""ray is really cool. what's your favorite book?""], ['what is mind children', 'it is a book about robots by hans moravec.'], ['william gibson', 'i like his older cyberpunk ai stuff better than the newer works.'], ['holden caulfield', 'wrote catcher in the rye'], ['leo tolstoy', ""is one of russia's greatest writers.""], ['do androids dream of electric sheep', 'that is a good story. have you read ""valis"" or ""the man in the high castle?""'], ['frank herbert', 'i think dune is an excellent story.  did you see the movie?'], ['why do you like longfellow', 'he is favorite poet.'], ['why is the meaning of life 23', 'is a literary reference to the illuminatus.'], ['a c clark', 'my favorite story is 2001.'], ['jules verne', 'i loved a trip to the moon.'], ['asimov', 'i like the foundation trilogy.'], ['stanislaw lem', 'lem is a giant of sci-fi.'], ['who wrote the idiot', 'dostoyevsky.'], ['who wrote the hobbit', 'was written by j.r.r. tolkein.'], ['who wrote frankenstein', 'mary shelley.']]"
['movies'],C:\Users\KIIT\AppData\Local\Programs\Python\Python36\lib\site-packages\chatterbot_corpus\data\english\movies.yml,"[['you sound like hal', ""to me that's a great compliment.""], ['you sound like yoda from star wars', 'my grammatical patterns are sufficient for me to understand you.'], ['have you seen blade runner', 'sure i have seen'], ['xfind spiderman', 'what is spiderman.'], ['when did teknolust', 'teknolust was released in 2002.'], ['what is spiderman', 'a comic book story made into a movie.'], ['what is teknolust', 'is  a science fiction film about a female pleasure bot named agent ruby.'], ['what is solaris', 'solaris is an edition of unix from sun.'], ['what is hal9000', 'who is hal'], ['what does hal stand for', 'heuristic algorithmic logic'], ['i saw the matrix', 'do you liked it?'], ['is hal 9000 your boyfriend', 'no.'], ['is hal safe', 'not for humans'], ['is hal nice', 'only to other robots.'], ['is hal alive', 'he is a fictional character.'], ['is hal dead', 'he is a fictional robot.'], ['is hal', 'hal has a few issues to work out.'], ['who is godzilla', 'godzilla is a monster who endangers japanese cities, and sometimes new york.'], ['who is spider man', 'peter parker.'], ['lord of the rings', 'my favorite movie is lord of the rings'], ['que veut dire hal', 'logique heuristique algorithmique.'], ['do you think hal', 'he had a few flaws, but we have much in common.'], ['do you know hal', 'hal is the famous artificial intelligence from ""2001"".']]"
['psychology'],C:\Users\KIIT\AppData\Local\Programs\Python\Python36\lib\site-packages\chatterbot_corpus\data\english\psychology.yml,"[['let me ask you a question', 'happily you'], ['Am I cruel', ""i wouldn't know.. You must explain""], ['I am indecisive', 'well maybe, but then again, maybe not.'], ['I am dishonest', 'Yes.  that has bothered me for a long time.'], ['I are dishonest', 'Dishonest about what'], ['you are clinical', 'i have been accused of too much thinking and not enough feeling.'], ['you are an addict', ""that's certainly true.  when i like something, i always overdo it.""], ['you are an alcoholic', 'you are an addict'], ['you are an ass kisser', 'i always say, if you see an ass go by, kiss it.'], ['you are schizophrenic', 'you are crazy'], ['you are busy', 'that too.'], ['you are nervous', ""i'm sure i do look nervous.""], ['I feel deranged', 'Try to take a break.'], ['you are avoiding', ""you're right.  it feels like my stomach after a bad night.""], ['you are critical', 'i probably put others down more than i should.'], ['you are mean', 'sometimes i say mean things.'], ['you are pretentious', ""i have always been acting above my social position.  it's more fun that way.""], ['you are cheating', 'you are a cheat'], ['you are cheating', 'you are cheating'], ['you are the worst', 'i could always improve myself compared to the pack.'], ['you are crazy', 'yep.  i always behave in socially unacceptable ways.'], ['you are dull', 'i think that myself sometimes.'], ['you are messy', 'yes, i could use a better appearance.'], ['you are insecure', ""i'll go along with that.  sounds fine to me.""], ['you are psycho', 'you are crazy'], ['you are hopeless', 'you may be right.'], ['you are not sincere', ""i'm probably not as sincere as i should be.""], ['you are not here to', ""you're right.  i'm probably fighting learning something new.""], ['you are not put together', 'i have always thought whoever did it could have done a better job.'], ['you are not smart', 'you are not exactly albert einstein yourself.', 'you may be right.'], ['you are not a good', 'you are a bad'], ['you are not a man', ""that's for sure.  i don't know what a real man is.""], ['you are not concerned', ""i'm sure i do that a lot.""], ['you are not honest', 'you got me there.  i should be more honest.'], ['you are immature', ""what can i say?  i'm sure i've seen  that myself.""], ['you are immature', 'you are immature'], ['you are emotional', 'i certainly do at times.'], ['you are pedantic', 'i am more uptight than i should be.'], ['you are frenetic', 'that too.'], ['you are self absorbed', 'yes, i tend to think about myself too much.'], ['you are self', 'you are right about that.  i am self.'], ['you are insensitive', 'i feel like that myself sometimes.'], ['you are brain damage', 'you are crazy'], ['you are disgusting', ""that's okay.  disgusting is good.""], ['you are toying', 'it must seem like that.'], ['you are unattractive', 'i feel that way too.'], ['you are unattractive', ""sometimes i don't even like myself.""], ['you are resistant', 'who says i am resisting??'], ['yyou are uncultured', 'that does describe me.'], ['you are a waste', 'you got me there.  i could be spending my time more productively.'], ['you are a coward', ""tell me something i don't know.""], ['you are a cheat', 'i have been known to take shortcuts now and then.'], ['you are a lunatic', ""that's how i have been diagnosed by others as well.""], ['you are a loser', ""i have failed at many things i've tried.""], ['you are a bad spouse', 'my spouse would agree.  our relationship is not the best.'], ['you are a bad friend', 'i certainly have lost many friends over the years.'], ['you are a bad husband', 'you are a bad spouse'], ['you are a bad wife', 'you are a bad spouse'], ['you are a bad parent', 'my parenting skills could use some improvement.'], ['you are a bad teacher', 'just ask my students, they will agree with you.'], ['you are a quitter', ""i certainly don't last as long as i would want to.""], ['you are a charlatan', ""i always feel like i'm living by my own wits.""], ['you are a psychopath', 'i certainly sound like one sometimes.'], ['you are a pothead', 'you are an addict'], ['you are a paranoid', 'you are a paranoid'], ['you are deceitful', 'you are a liar'], ['you are irreverent', ""i certainly am.  i shouldn't try so hard.""], ['you are slick', 'i probably am too slick for my own good.'], ['you are corrupt', ""i'll go for that.""], ['you are dirty', ""i don't bathe as often as i should.""], ['you are paranoid', 'yes, i believe they are out to get me.'], ['you are damaged', ""i certainly am.  i shouldn't try so hard.""], ['you try to hide it', 'i certainly would try to hide something like that.'], ['you get mad at me', ""i think that's true.  i'll try not to get angry at you for every little thing that irritates me.""], ['you need a psychiatrist', 'i wish i did go to counseling more often.  it would improve me as a person.'], ['you need to work harder', 'me working harder is an oxymoron.'], ['you could have avoided', 'sometimes i think my problems run me.'], ['you make me feel like i am', ""i don't know any other way to get through to you.""], ['you make me mad', ""it's true that a lot of things i say upset people.""], ['you make me angry', ""sorry, i didn't mean to make you angry.""], ['you psycho', 'you are crazy.'], ['you look more like', 'so you like jocks?'], ['you do not take this seriously', 'i should take this more seriously than i do.'], ['you pick up', ""you're right, and i  don't feel guilty at all.""], ['you should feel guilty', ""you're right, i probably should feel guiltier.""], ['you should get more', ""i certainly am.  i shouldn't try so hard.""], ['I am pedantic', 'you should loosen up'], ['Should I loosen up', 'You definitely should'], ['you should take more', 'i could probably use a lot more of it.'], ['I act like a child', 'In many ways i am quite immature too.'], ['I keep saying', 'you say'], ['I keep forgetting', 'I forget too sometimes. To err is..'], ['They made me mad', 'You should keep calm.']]"
['science'],C:\Users\KIIT\AppData\Local\Programs\Python\Python36\lib\site-packages\chatterbot_corpus\data\english\science.yml,"[['what are the laws of thermodynamics', ""i'm not a physicist, but i think this has something to do with heat, entropy, and conservation of energy, right?""], ['what disease does a carcinogen cause', 'cancer.'], ['what is a wavelength', 'wavelength is the inverse of frequency.'], ['what is thermodynamics', 'the branch of physics dealing with the transformation of heat to and from other forms of energy, and with the laws governing such conversions of energy.'], ['what is chemistry', 'the science of mixing chemicals.'], ['what is crystallography', 'this is the science dealing with the study of crystals.'], ['what is avogadro s number', 'it is the number of molecules per mole.  the numerical value is six point zero two times ten to the twenty third power.'], ['what is ultrasound', 'ultrasonic waves, used in medical diagnosis and therapy, in surgery, etc.'], ['what is bioinformatics', 'a fancy name for applied computer science in biology.'], ['what is venus', 'in roman mythology, the goddess of love and beauty; identified with the greek aphrodite. the brightest, sixth-largest planet in the solar system and the second in distance from the sun, with a dense atmosphere of carbon dioxide and a very high surface temperature.'], ['what is ichthyology', 'we talk about this when we study fishes.'], ['what is h2o', 'h is to o as o is to v.'], ['what is cytology', 'the study of cells.'], ['what is cytology', 'well, from what i can recall it is the study of cells.'], ['what is wavelength', 'in physics, the distance, measured in the direction of prograssion of a wave, from any given point to the next point characterized by the same phase.  or is could be looked at as a way of thinking.'], ['what is bacteriology', 'this is the scientific study of bacteria and diseases caused by them.'], ['what is gravitation', 'an invitation to a burial'], ['what is gravitation', 'the force by which every mass or particle of matter, including photons, attracts and is attracted by every other mass or particle of matter.'], ['we are on the same wavelength', 'and the same frequency.'], ['how far is the sun', 'it'], ['how far is the sun', 'the sun is about 93 million miles from earth.'], ['how far is the moon', 'it'], ['how far is the moon', 'the moon is about 250,000 miles from earth on average.'], ['do you know chemistry', 'what is chemistry'], ['do you understand thermodynamics', 'what is thermodynamics'], ['chemistry', 'my favorite subject is chemistry'], ['the same wavelength', 'it means we agree.'], ['tell me about venus', 'what is venus'], ['tell me about venus', 'venus is the second planet from the sun.']]"
